temp,op,popstab_neg_to_neu,popstab_neu_to_neg,defect_influence_arsenic,defect_influence_vacancy,runtime
47.89,0.01,0.0435274,0.0268654,7.00076,17.9884,1.85507
3.65,0.03,0.0442883,0.0185376,5.05073,8.62745,1.95501
3.65,0.04,0.0442883,0.0185376,5.16619,8.62745,1.73147
3.65,0.01,0.065443,0.0128544,5.22296,8.62745,1.75991
