temp,op,popstab_neg_to_neu,popstab_neu_to_neg,defect_influence_arsenic,defect_influence_vacancy,runtime
44.18,0.03,0.0454101,0.0158822,7.08061,7.74393,1.045
63.08,0.02,0.045011,0.0035649,7.45593,12.1234,0.889595
23.11,0.04,0.045011,0.0107722,9.24794,13.3201,1.53079
