temp,op,popstab_neg_to_neu,popstab_neu_to_neg,defect_influence_arsenic,defect_influence_vacancy,runtime
20.89,0.04,0.0448765,0.000886587,5.70857,20.8919,1.3754
108.7,0.04,0.0424103,0.023097,5.27388,11.4171,1.25233
57.35,0.04,0.0446001,0.00014676,4.85726,10.8612,1.27441
125.18,0.02,0.045011,0.00252431,5.84891,22.1917,1.14308
1.18,0.03,0.0415423,0.00286195,6.77293,16.4045,1.43461
